Name,BillingStreet,BillingCity,BillingPostalCode,BillingCountry,BillingState,MobilePhone
"Pugh, Davis and Gordon",Kelly Squares Cove,Bristol,18296,United States,RI,603-121-7834
"Martinez, Wolf and Holt",Anita Turnpike Shores,Dover,43010,United States,DE,291-207-7805
Schneider Group,Johnson Ridge Roads,Missoula,96037,United States,MT,490-383-3543
"Gonzalez, Martin and Park",Devon Shores Parks,Dickinson,18267,United States,ND,167-570-8136
"Alexander, Newman and Trevino",David Valley Viaduct,Sioux Falls,64096,United States,SD,319-535-6637
"Raymond, Rhodes and Jones",Taylor Landing Forges,Gresham,21451,United States,OR,595-451-3893
Davidson-Rodriguez,Kelly Hill Terrace,Clemmons,80511,United States,NC,212-671-5367
Murray Ltd,Richard Bridge Circle,Oak Grove,35377,United States,OR,234-586-9623
Poole LLC,Anthony Ranch Knoll,Salem,84602,United States,OR,310-587-6521
Moore-Bonilla,Johnson Street Drive,Madisonville,16213,United States,KY,498-831-5216
